city,date_only,num_events,temperature_avg,precipitation_total
 Covington,2025-12-07,1,,
 Covington,2025-12-08,1,,
 Covington,2025-12-12,1,,
 Covington,2025-12-14,1,,
 Covington,2025-12-28,1,,
Agoura Hills,2025-12-13,1,,
Agoura Hills,2025-12-14,1,,
Agoura Hills,2025-12-20,1,,
Agoura Hills,2025-12-21,1,,
Agoura Hills,2025-12-28,1,,
Akron,2025-12-07,1,,
Akron,2025-12-09,1,,
Akron,2025-12-10,2,,
Akron,2025-12-12,1,,
Akron,2025-12-13,1,,
Akron,2025-12-14,3,,
Akron,2025-12-16,2,,
Akron,2025-12-20,2,,
Akron,2025-12-21,2,,
Akron,2025-12-23,1,,
Albany,2025-10-18,1,,
Albany,2025-12-07,1,,
Albany,2025-12-11,2,,
Albany,2025-12-13,3,,
Albany,2025-12-14,2,,
Albany,2025-12-17,1,,
Albany,2025-12-18,1,,
Albany,2025-12-21,1,,
Albany,2025-12-28,1,,
Alexandria,2025-12-07,1,,
Alexandria,2025-12-08,1,,
Alexandria,2025-12-09,1,,
Alexandria,2025-12-10,1,,
Alexandria,2025-12-11,1,,
Alexandria,2025-12-12,1,,
Alexandria,2025-12-13,1,,
Alexandria,2025-12-14,1,,
Alexandria,2025-12-15,1,,
Alexandria,2025-12-17,1,,
Alexandria,2025-12-18,1,,
Alexandria,2025-12-19,1,,
Alexandria,2025-12-20,1,,
Alexandria,2025-12-22,1,,
Alexandria,2025-12-23,1,,
Alexandria,2025-12-27,1,,
Alexandria,2025-12-28,1,,
Alexandria,2025-12-29,1,,
Anaheim,2025-12-08,1,,
Anaheim,2025-12-09,1,,
Anaheim,2025-12-10,1,,
Anaheim,2025-12-11,2,,
Anaheim,2025-12-13,3,,
Anaheim,2025-12-15,3,,
Anaheim,2025-12-16,1,,
Anaheim,2025-12-18,1,,
Anaheim,2025-12-19,2,,
Anaheim,2025-12-20,1,,
Anaheim,2025-12-21,3,,
Anaheim,2025-12-22,1,,
Anaheim,2025-12-28,2,,
Anderson,2025-12-07,1,,
Ann Arbor,2025-12-07,1,,
Ann Arbor,2025-12-09,1,,
Ann Arbor,2025-12-11,1,,
Ann Arbor,2025-12-12,1,,
Ann Arbor,2025-12-13,1,,
Ann Arbor,2025-12-14,1,,
Ann Arbor,2025-12-18,1,,
Ann Arbor,2025-12-19,2,,
Ann Arbor,2025-12-20,1,,
Ann Arbor,2025-12-21,1,,
Ann Arbor,2025-12-27,1,,
Ann Arbor,2025-12-28,1,,
Annapolis,2025-12-07,1,,
Annapolis,2025-12-08,2,,
Annapolis,2025-12-09,1,,
Annapolis,2025-12-10,1,,
Annapolis,2025-12-11,1,,
Annapolis,2025-12-12,1,,
Annapolis,2025-12-13,1,,
Annapolis,2025-12-14,2,,
Annapolis,2025-12-15,1,,
Annapolis,2025-12-20,1,,
Annapolis,2025-12-21,1,,
Annapolis,2025-12-22,1,,
Annapolis,2025-12-24,1,,
Annapolis,2025-12-27,1,,
Annapolis,2025-12-28,1,,
Annapolis,2025-12-29,1,,
Annapolis,2025-12-30,1,,
Annapolis,2025-12-31,1,,
Appleton,2025-12-07,1,,
Appleton,2025-12-10,1,,
Appleton,2025-12-11,1,,
Asbury Park,2025-12-07,4,,
Asbury Park,2025-12-11,1,,
Asbury Park,2025-12-13,2,,
Asbury Park,2025-12-14,4,,
Asbury Park,2025-12-20,3,,
Asbury Park,2025-12-21,2,,
Asbury Park,2025-12-27,3,,
Asbury Park,2025-12-28,2,,
Asbury Park,2025-12-29,1,,
Aspen,2025-12-27,1,,
Aspen,2025-12-28,1,,
Athens,2025-12-14,1,,
Athens,2025-12-19,1,,
Athens,2025-12-20,1,,
Athens,2025-12-31,1,,
Atlanta,2025-12-07,4,,
Atlanta,2025-12-08,7,,
Atlanta,2025-12-09,5,,
Atlanta,2025-12-10,2,,
Atlanta,2025-12-11,7,,
Atlanta,2025-12-12,7,,
Atlanta,2025-12-13,9,,
Atlanta,2025-12-14,6,,
Atlanta,2025-12-15,5,,
Atlanta,2025-12-16,1,,
Atlanta,2025-12-17,1,,
Atlanta,2025-12-18,3,,
Atlanta,2025-12-19,6,,
Atlanta,2025-12-20,8,,
Atlanta,2025-12-21,7,,
Atlanta,2025-12-22,2,,
Atlanta,2025-12-27,1,,
Atlanta,2025-12-28,4,,
Atlanta,2025-12-29,2,,
Atlanta,2025-12-30,4,,
Atlanta,2025-12-31,6,,
Atlantic City,2025-12-21,4,,
Aurora,2025-12-06,1,,
Aurora,2025-12-07,2,,
Aurora,2025-12-08,1,,
Aurora,2025-12-09,1,,
Aurora,2025-12-11,1,,
Aurora,2025-12-14,2,,
Aurora,2025-12-16,1,,
Aurora,2025-12-18,1,,
Aurora,2025-12-21,1,,
Aurora,2025-12-23,1,,
Aurora,2025-12-25,1,,
Aurora,2025-12-28,2,,
Aurora,2025-12-30,1,,
Bakersfield,2025-12-12,2,,
Bakersfield,2025-12-13,2,,
Bakersfield,2025-12-27,1,,
Baton Rouge,2025-12-07,1,,
Baton Rouge,2025-12-09,1,,
Baton Rouge,2025-12-11,1,,
Baton Rouge,2025-12-12,1,,
Baton Rouge,2025-12-13,1,,
Baton Rouge,2025-12-14,2,,
Baton Rouge,2025-12-20,1,,
Baton Rouge,2025-12-27,1,,
Baton Rouge,2025-12-28,1,,
Battle Creek,2025-12-30,1,,
Bay St Louis,2025-12-07,1,,
Belleville,2025-12-06,1,,
Belleville,2025-12-07,1,,
Belleville,2025-12-13,1,,
Belleville,2025-12-20,1,,
Belleville,2025-12-21,1,,
Belleville,2025-12-27,1,,
Bellflower,2025-12-07,1,,
Belmont Park,2025-12-07,1,,
Belmont Park,2025-12-08,1,,
Belmont Park,2025-12-13,1,,
Belmont Park,2025-12-19,1,,
Belmont Park,2025-12-22,1,,
Berkeley,2025-12-12,1,,
Berkeley,2025-12-14,2,,
Berwyn,2025-12-06,3,,
Berwyn,2025-12-07,5,,
Berwyn,2025-12-08,1,,
Berwyn,2025-12-09,1,,
Berwyn,2025-12-10,1,,
Berwyn,2025-12-11,2,,
Berwyn,2025-12-12,3,,
Berwyn,2025-12-13,4,,
Berwyn,2025-12-14,6,,
Berwyn,2025-12-15,1,,
Berwyn,2025-12-16,1,,
Berwyn,2025-12-18,2,,
Berwyn,2025-12-19,3,,
Berwyn,2025-12-20,4,,
Berwyn,2025-12-21,6,,
Berwyn,2025-12-22,2,,
Berwyn,2025-12-23,1,,
Berwyn,2025-12-24,2,,
Berwyn,2025-12-27,1,,
Berwyn,2025-12-28,4,,
Berwyn,2025-12-29,1,,
Berwyn,2025-12-31,1,,
Bethel,2025-12-12,1,,
Bethel,2025-12-13,1,,
Bethesda,2025-12-29,1,,
Bethesda,2025-12-31,1,,
Beverly Hills,2025-12-14,2,,
Beverly Hills,2025-12-20,1,,
Biloxi,2025-12-07,3,,
Biloxi,2025-12-14,1,,
Biloxi,2025-12-28,1,,
Binghamton,2025-12-18,1,,
Birmingham,2025-12-07,2,,
Birmingham,2025-12-08,2,,
Birmingham,2025-12-09,2,,
Birmingham,2025-12-10,1,,
Birmingham,2025-12-11,2,,
Birmingham,2025-12-12,3,,
Birmingham,2025-12-13,5,,
Birmingham,2025-12-14,4,,
Birmingham,2025-12-15,3,,
Birmingham,2025-12-16,1,,
Birmingham,2025-12-17,1,,
Birmingham,2025-12-18,1,,
Birmingham,2025-12-19,1,,
Birmingham,2025-12-20,3,,
Birmingham,2025-12-21,4,,
Birmingham,2025-12-22,1,,
Birmingham,2025-12-23,1,,
Birmingham,2025-12-24,1,,
Birmingham,2025-12-25,1,,
Birmingham,2025-12-26,1,,
Birmingham,2025-12-27,2,,
Birmingham,2025-12-28,2,,
Birmingham,2025-12-30,1,,
Birmingham,2025-12-31,3,,
Bloomington,2025-12-10,1,,
Bloomington,2025-12-12,1,,
Bossier City,2025-12-07,1,,
Boulder,2025-12-12,1,,
Boulder,2025-12-13,2,,
Boulder,2025-12-14,1,,
Boulder,2025-12-18,1,,
Braidwood,2025-12-07,1,,
Branson,2025-12-09,1,,
Branson,2025-12-11,1,,
Branson,2025-12-12,1,,
Branson,2025-12-19,1,,
Brea,2025-12-08,1,,
Brea,2025-12-21,1,,
Bridgeport,2025-12-13,2,,
Brookfield,2025-12-12,2,,
Brooklyn,2025-12-07,7,,
Brooklyn,2025-12-08,3,,
Brooklyn,2025-12-09,2,,
Brooklyn,2025-12-10,2,,
Brooklyn,2025-12-11,6,,
Brooklyn,2025-12-12,1,,
Brooklyn,2025-12-13,4,,
Brooklyn,2025-12-14,5,,
Brooklyn,2025-12-15,2,,
Brooklyn,2025-12-16,2,,
Brooklyn,2025-12-17,3,,
Brooklyn,2025-12-18,2,,
Brooklyn,2025-12-19,3,,
Brooklyn,2025-12-20,4,,
Brooklyn,2025-12-21,4,,
Brooklyn,2025-12-23,1,,
Brooklyn,2025-12-24,1,,
Brooklyn,2025-12-28,2,,
Brooklyn,2025-12-30,1,,
Brooklyn,2025-12-31,5,,
Brooklyn ,2025-12-07,4,,
Brooklyn ,2025-12-13,2,,
Brooklyn ,2025-12-14,4,,
Brooklyn ,2025-12-20,1,,
Brooklyn ,2025-12-21,2,,
Brooklyn ,2025-12-27,1,,
Brooklyn ,2025-12-28,1,,
Brookville,2025-12-07,1,,
Brookville,2025-12-14,1,,
Buffalo,2025-12-10,1,,
Buffalo,2025-12-11,1,,
Buffalo,2025-12-12,1,,
Buffalo,2025-12-13,3,,
Buffalo,2025-12-14,2,,
Buffalo,2025-12-17,1,,
Buffalo,2025-12-18,2,,
Buffalo,2025-12-29,1,,
Cabazon,2025-12-07,1,,
Canton,2025-12-07,1,,
Canton,2025-12-20,1,,
Carmel,2025-12-13,1,,
Carmel,2025-12-14,1,,
Carrboro,2025-12-13,1,,
Cary,2025-12-18,1,,
Catoosa,2025-12-13,1,,
Cerritos,2025-12-07,2,,
Cerritos,2025-12-12,1,,
Cerritos,2025-12-14,1,,
Cerritos,2025-12-20,1,,
Cerritos,2025-12-21,1,,
Cerritos,2025-12-22,1,,
Cerritos,2025-12-27,1,,
Cerritos,2025-12-31,1,,
Charlotte,2025-12-11,3,,
Charlotte,2025-12-12,1,,
Charlotte,2025-12-13,5,,
Charlotte,2025-12-14,2,,
Charlotte,2025-12-15,3,,
Charlotte,2025-12-17,3,,
Charlotte,2025-12-18,2,,
Charlotte,2025-12-19,2,,
Charlotte,2025-12-20,2,,
Charlotte,2025-12-21,2,,
Charlotte,2025-12-28,3,,
Charlotte,2025-12-29,2,,
Charlottesville,2025-12-07,2,,
Charlottesville,2025-12-11,1,,
Charlottesville,2025-12-12,2,,
Charlottesville,2025-12-13,1,,
Charlottesville,2025-12-14,3,,
Charlottesville,2025-12-15,1,,
Charlottesville,2025-12-16,1,,
Charlottesville,2025-12-17,2,,
Charlottesville,2025-12-19,1,,
Charlottesville,2025-12-20,2,,
Charlottesville,2025-12-21,1,,
Charlottesville,2025-12-28,1,,
Charlottesville,2025-12-29,1,,
Charlottesville,2025-12-31,1,,
Chattanooga,2025-12-07,2,,
Chattanooga,2025-12-10,1,,
Chattanooga,2025-12-11,1,,
Chattanooga,2025-12-12,1,,
Chattanooga,2025-12-13,1,,
Chattanooga,2025-12-14,1,,
Chattanooga,2025-12-16,1,,
Chattanooga,2025-12-20,1,,
Chattanooga,2025-12-21,2,,
Chattanooga,2025-12-28,1,,
Cherokee,2025-12-14,2,,
Chicago,2025-12-06,1,,
Chicago,2025-12-07,19,,
Chicago,2025-12-08,6,,
Chicago,2025-12-09,4,,
Chicago,2025-12-10,7,,
Chicago,2025-12-11,5,,
Chicago,2025-12-12,18,,
Chicago,2025-12-13,23,,
Chicago,2025-12-14,18,,
Chicago,2025-12-15,6,,
Chicago,2025-12-16,3,,
Chicago,2025-12-17,6,,
Chicago,2025-12-18,6,,
Chicago,2025-12-19,10,,
Chicago,2025-12-20,16,,
Chicago,2025-12-21,21,,
Chicago,2025-12-22,5,,
Chicago,2025-12-23,1,,
Chicago,2025-12-26,3,,
Chicago,2025-12-27,7,,
Chicago,2025-12-28,12,,
Chicago,2025-12-29,3,,
Chicago,2025-12-30,2,,
Chicago,2025-12-31,5,,
Chico,2025-12-12,1,,
Cincinnati,2025-12-07,2,,
Cincinnati,2025-12-08,2,,
Cincinnati,2025-12-09,1,,
Cincinnati,2025-12-10,2,,
Cincinnati,2025-12-11,2,,
Cincinnati,2025-12-12,2,,
Cincinnati,2025-12-13,4,,
Cincinnati,2025-12-14,4,,
Cincinnati,2025-12-15,1,,
Cincinnati,2025-12-18,1,,
Cincinnati,2025-12-19,1,,
Cincinnati,2025-12-20,5,,
Cincinnati,2025-12-21,5,,
Cincinnati,2025-12-27,2,,
Cincinnati,2025-12-28,1,,
Clearwater,2025-12-08,1,,
Clearwater,2025-12-13,1,,
Clearwater,2025-12-15,1,,
Cleveland,2025-12-06,1,,
Cleveland,2025-12-07,1,,
Cleveland,2025-12-09,2,,
Cleveland,2025-12-10,2,,
Cleveland,2025-12-11,2,,
Cleveland,2025-12-13,1,,
Cleveland,2025-12-14,1,,
Cleveland,2025-12-15,1,,
Cleveland,2025-12-17,1,,
Cleveland,2025-12-18,1,,
Cleveland,2025-12-20,2,,
Cleveland,2025-12-21,2,,
Cleveland,2025-12-23,1,,
Cleveland,2025-12-24,1,,
Cleveland,2025-12-26,2,,
Cleveland,2025-12-27,4,,
Cleveland,2025-12-28,1,,
Cleveland,2025-12-31,1,,
Clifton,2025-12-07,1,,
Clifton,2025-12-12,2,,
Clifton,2025-12-13,1,,
Clifton,2025-12-14,1,,
Clifton,2025-12-17,1,,
Clifton,2025-12-20,1,,
Clifton,2025-12-21,2,,
Clifton,2025-12-28,1,,
Colorado Springs,2025-12-07,2,,
Colorado Springs,2025-12-08,1,,
Colorado Springs,2025-12-09,1,,
Colorado Springs,2025-12-10,2,,
Colorado Springs,2025-12-11,1,,
Colorado Springs,2025-12-12,1,,
Colorado Springs,2025-12-13,2,,
Colorado Springs,2025-12-14,3,,
Colorado Springs,2025-12-15,1,,
Colorado Springs,2025-12-16,1,,
Colorado Springs,2025-12-19,1,,
Colorado Springs,2025-12-20,1,,
Colorado Springs,2025-12-21,6,,
Colorado Springs,2025-12-31,1,,
Columbus,2025-12-07,2,,
Columbus,2025-12-08,4,,
Columbus,2025-12-09,4,,
Columbus,2025-12-10,2,,
Columbus,2025-12-11,3,,
Columbus,2025-12-12,3,,
Columbus,2025-12-13,4,,
Columbus,2025-12-14,4,,
Columbus,2025-12-15,2,,
Columbus,2025-12-16,1,,
Columbus,2025-12-18,3,,
Columbus,2025-12-19,2,,
Columbus,2025-12-20,6,,
Columbus,2025-12-21,2,,
Columbus,2025-12-22,1,,
Columbus,2025-12-23,2,,
Columbus,2025-12-24,2,,
Columbus,2025-12-27,3,,
Columbus,2025-12-28,1,,
Columbus,2025-12-30,1,,
Columbus,2025-12-31,1,,
Corona,2025-12-12,1,,
Cortland,2025-12-06,1,,
Cortland,2025-12-13,1,,
Covington ,2025-12-08,2,,
Covington ,2025-12-14,1,,
Covington ,2025-12-19,1,,
Covington ,2025-12-20,1,,
Covington ,2025-12-28,1,,
Dallas,2025-12-07,2,,
Dallas,2025-12-08,3,,
Dallas,2025-12-09,1,,
Dallas,2025-12-11,4,,
Dallas,2025-12-12,2,,
Dallas,2025-12-13,7,,
Dallas,2025-12-14,5,,
Dallas,2025-12-15,2,,
Dallas,2025-12-17,2,,
Dallas,2025-12-18,2,,
Dallas,2025-12-19,2,,
Dallas,2025-12-20,7,,
Dallas,2025-12-21,8,,
Dallas,2025-12-22,1,,
Dallas,2025-12-27,1,,
Dallas,2025-12-28,2,,
Dallas,2025-12-29,1,,
Dallas,2025-12-30,2,,
Dallas,2025-12-31,3,,
Danville,2025-12-07,1,,
Danville,2025-12-14,1,,
Danville,2025-12-20,1,,
Darien,2025-12-07,1,,
Darien,2025-12-14,1,,
Darien,2025-12-20,1,,
Darien,2025-12-21,1,,
Darien,2025-12-28,1,,
Dayton,2025-12-06,1,,
Dayton,2025-12-07,1,,
Dayton,2025-12-24,1,,
Deadwood,2025-12-14,1,,
Denham Springs,2025-12-14,1,,
Denham Springs,2025-12-20,1,,
Denver,2025-12-06,2,,
Denver,2025-12-07,12,,
Denver,2025-12-08,7,,
Denver,2025-12-10,2,,
Denver,2025-12-11,1,,
Denver,2025-12-12,4,,
Denver,2025-12-13,13,,
Denver,2025-12-14,11,,
Denver,2025-12-15,5,,
Denver,2025-12-18,5,,
Denver,2025-12-19,1,,
Denver,2025-12-20,10,,
Denver,2025-12-21,9,,
Denver,2025-12-22,3,,
Denver,2025-12-24,1,,
Denver,2025-12-26,1,,
Denver,2025-12-27,6,,
Denver,2025-12-28,7,,
Denver,2025-12-29,1,,
Denver,2025-12-31,2,,
Destin,2025-12-07,1,,
Destin,2025-12-14,1,,
Destin,2025-12-20,1,,
Detroit,2025-12-06,1,,
Detroit,2025-12-07,5,,
Detroit,2025-12-08,2,,
Detroit,2025-12-09,1,,
Detroit,2025-12-10,2,,
Detroit,2025-12-11,5,,
Detroit,2025-12-12,3,,
Detroit,2025-12-13,4,,
Detroit,2025-12-14,4,,
Detroit,2025-12-15,1,,
Detroit,2025-12-17,1,,
Detroit,2025-12-18,2,,
Detroit,2025-12-20,4,,
Detroit,2025-12-21,4,,
Detroit,2025-12-22,1,,
Detroit,2025-12-24,2,,
Detroit,2025-12-27,1,,
Detroit,2025-12-28,5,,
Dothan,2025-12-14,1,,
Downey,2025-12-07,1,,
Downey,2025-12-08,2,,
Dubuque,2025-12-14,1,,
Dubuque,2025-12-21,1,,
Dubuque,2025-12-27,1,,
Duluth,2025-12-14,1,,
Duluth,2025-12-15,1,,
Duluth,2025-12-17,1,,
Duluth,2025-12-28,1,,
Durant,2025-12-07,1,,
Durant,2025-12-13,1,,
Durant,2025-12-14,1,,
Durant,2025-12-28,1,,
Durham,2025-12-18,2,,
East Lansing,2025-12-17,1,,
Elizabeth,2025-12-13,1,,
Elkhart,2025-12-10,1,,
Elmira,2025-12-12,2,,
Emporia,2025-12-13,1,,
Englewood,2025-12-10,1,,
Englewood,2025-12-11,1,,
Englewood,2025-12-12,1,,
Englewood,2025-12-13,1,,
Englewood,2025-12-14,2,,
Englewood,2025-12-19,1,,
Englewood,2025-12-20,1,,
Englewood,2025-12-21,2,,
Englewood,2025-12-22,1,,
Englewood,2025-12-31,1,,
Evanston,2025-12-07,2,,
Evanston,2025-12-08,1,,
Evanston,2025-12-09,1,,
Evanston,2025-12-10,1,,
Evanston,2025-12-12,2,,
Evanston,2025-12-13,1,,
Evanston,2025-12-14,2,,
Evanston,2025-12-15,2,,
Evanston,2025-12-16,1,,
Evanston,2025-12-17,1,,
Evanston,2025-12-18,1,,
Evanston,2025-12-19,1,,
Evanston,2025-12-20,3,,
Evanston,2025-12-21,2,,
Evanston,2025-12-22,1,,
Evanston,2025-12-23,1,,
Evanston,2025-12-27,1,,
Evanston,2025-12-28,1,,
Evanston,2025-12-29,1,,
Evanston,2025-12-30,1,,
Evanston,2025-12-31,1,,
Fairfax,2025-12-15,1,,
Fairfax,2025-12-17,1,,
Fayetteville,2025-12-07,1,,
Fayetteville,2025-12-08,1,,
Felton,2025-12-13,1,,
Felton,2025-12-14,1,,
Felton,2025-12-20,1,,
Ferndale,2025-12-07,2,,
Ferndale,2025-12-11,1,,
Ferndale,2025-12-13,2,,
Ferndale,2025-12-14,2,,
Ferndale,2025-12-15,1,,
Ferndale,2025-12-20,1,,
Ferndale,2025-12-21,2,,
Ferndale,2025-12-27,1,,
Ferndale,2025-12-28,1,,
Flint,2025-12-11,1,,
Flint,2025-12-12,1,,
Flint,2025-12-13,1,,
Flint,2025-12-14,1,,
Flint,2025-12-21,1,,
Flushing,2025-12-21,1,,
Fontana,2025-12-13,1,,
Fontana,2025-12-14,1,,
Fontana,2025-12-15,1,,
Fontana,2025-12-19,1,,
Fontana,2025-12-20,1,,
Fontana,2025-12-21,1,,
Fontana,2025-12-22,1,,
Fontana,2025-12-27,1,,
Fort Collins,2025-12-12,1,,
Fort Collins,2025-12-14,1,,
Fort Collins,2025-12-20,1,,
Fort Smith,2025-12-10,1,,
Fort Smith,2025-12-20,1,,
Fort Wayne,2025-12-12,1,,
Fort Wayne,2025-12-13,1,,
Fort Wayne,2025-12-14,1,,
Fort Wayne,2025-12-19,1,,
Fort Worth,2025-12-07,3,,
Fort Worth,2025-12-09,1,,
Fort Worth,2025-12-11,1,,
Fort Worth,2025-12-12,3,,
Fort Worth,2025-12-13,3,,
Fort Worth,2025-12-14,1,,
Fort Worth,2025-12-15,1,,
Fort Worth,2025-12-20,1,,
Fort Worth,2025-12-21,3,,
Fort Worth,2025-12-22,2,,
Fort Worth,2025-12-23,2,,
Fort Worth,2025-12-27,1,,
Fort Worth,2025-12-28,1,,
Fort Worth,2025-12-31,1,,
French Lick,2025-12-20,1,,
Frisco,2025-06-01,1,,
Garden Grove,2025-12-07,1,,
Garden Grove,2025-12-08,1,,
Garden Grove,2025-12-13,2,,
Garden Grove,2025-12-20,1,,
Garden Grove,2025-12-21,3,,
Garden Grove,2025-12-28,2,,
Gary,2025-12-07,1,,
Gary,2025-12-13,1,,
Glendale,2025-12-16,1,,
Glendale,2025-12-17,1,,
Glendale,2025-12-18,2,,
Grain Valley,2025-12-20,1,,
Grand Island,2025-12-14,1,,
Grand Island,2025-12-17,1,,
Grand Prairie,2025-12-08,1,,
Grand Prairie,2025-12-11,1,,
Grand Prairie,2025-12-12,1,,
Grand Prairie,2025-12-13,1,,
Grand Prairie,2025-12-14,1,,
Grand Prairie,2025-12-24,1,,
Grand Rapids,2025-12-07,4,,
Grand Rapids,2025-12-08,2,,
Grand Rapids,2025-12-11,1,,
Grand Rapids,2025-12-12,1,,
Grand Rapids,2025-12-13,3,,
Grand Rapids,2025-12-14,2,,
Grand Rapids,2025-12-15,2,,
Grand Rapids,2025-12-18,1,,
Grand Rapids,2025-12-19,2,,
Grand Rapids,2025-12-20,1,,
Grand Rapids,2025-12-21,3,,
Grand Rapids,2025-12-27,3,,
Grand Rapids,2025-12-28,3,,
Grand Rapids,2025-12-31,1,,
Grant,2025-12-22,1,,
Greensboro,2025-12-06,1,,
Greensboro,2025-12-17,1,,
Greenville,2025-12-28,1,,
Grove City,2025-12-20,2,,
Gulfport,2025-12-07,1,,
Hammond,2025-12-27,2,,
Hammond,2025-12-28,2,,
Hampton,2025-12-07,1,,
Hamtramck,2025-12-06,1,,
Hamtramck,2025-12-07,1,,
Hamtramck,2025-12-08,3,,
Hamtramck,2025-12-10,1,,
Hamtramck,2025-12-11,1,,
Hamtramck,2025-12-12,1,,
Hamtramck,2025-12-13,1,,
Hamtramck,2025-12-14,2,,
Hamtramck,2025-12-20,2,,
Hamtramck,2025-12-21,1,,
Hamtramck,2025-12-22,1,,
Hamtramck,2025-12-28,1,,
Hanover,2025-12-30,1,,
Hattiesburg,2025-12-07,1,,
Hattiesburg,2025-12-13,1,,
Hattiesburg,2025-12-14,1,,
Hattiesburg,2025-12-21,1,,
Henderson,2025-12-13,1,,
Hesperia,2025-12-14,1,,
Hickory,2025-12-13,1,,
Hickory,2025-12-21,1,,
Hickory,2025-12-28,1,,
Highland,2025-12-10,1,,
Highland,2025-12-12,1,,
Highland,2025-12-13,1,,
Highland,2025-12-15,1,,
Highland,2025-12-30,1,,
Hobart,2025-12-07,1,,
Hobart,2025-12-13,1,,
Hobart,2025-12-14,2,,
Hobart,2025-12-19,1,,
Hobart,2025-12-21,1,,
Hobart,2025-12-28,1,,
Holland,2025-12-13,1,,
Holly,2025-12-19,1,,
Hollywood,2025-12-07,4,,
Hollywood,2025-12-08,3,,
Hollywood,2025-12-10,1,,
Hollywood,2025-12-11,1,,
Hollywood,2025-12-12,1,,
Hollywood,2025-12-13,3,,
Hollywood,2025-12-14,2,,
Hollywood,2025-12-15,1,,
Hollywood,2025-12-18,1,,
Hollywood,2025-12-19,1,,
Hollywood,2025-12-20,1,,
Hollywood,2025-12-21,1,,
Hollywood,2025-12-26,1,,
Hollywood,2025-12-27,1,,
Hollywood,2025-12-28,3,,
Hollywood,2025-12-29,2,,
Hollywood,2025-12-31,1,,
Huntington,2025-12-08,2,,
Huntington,2025-12-12,1,,
Huntington,2025-12-20,1,,
Huntington,2025-12-27,1,,
Huntington,2025-12-28,1,,
Huntsville,2025-12-07,3,,
Huntsville,2025-12-08,1,,
Huntsville,2025-12-13,1,,
Huntsville,2025-12-14,1,,
Huntsville,2025-12-21,1,,
Huntsville,2025-12-22,1,,
Huntsville,2025-12-28,1,,
Indianapolis,2025-12-07,4,,
Indianapolis,2025-12-08,2,,
Indianapolis,2025-12-11,1,,
Indianapolis,2025-12-16,1,,
Indianapolis,2025-12-20,4,,
Indianapolis,2025-12-21,2,,
Indianapolis,2025-12-28,1,,
Inglewood,2025-12-08,1,,
Inglewood,2025-12-22,1,,
Irving,2025-12-08,1,,
Irving,2025-12-11,1,,
Irving,2025-12-12,1,,
Irving,2025-12-15,1,,
Island Lake,2025-12-07,1,,
Island Lake,2025-12-13,1,,
Island Lake,2025-12-14,1,,
Island Lake,2025-12-20,1,,
Island Lake,2025-12-27,1,,
Island Lake,2025-12-28,1,,
Jackson,2025-12-08,1,,
Jackson,2025-12-16,1,,
Jackson,2025-12-21,1,,
Jackson,2025-12-28,1,,
Jacksonville,2025-12-07,2,,
Jacksonville,2025-12-12,1,,
Jacksonville,2025-12-14,1,,
Jacksonville,2025-12-15,3,,
Jacksonville,2025-12-16,1,,
Jacksonville,2025-12-17,5,,
Jacksonville,2025-12-19,1,,
Jacksonville,2025-12-20,1,,
Jacksonville,2025-12-22,1,,
Jacksonville,2025-12-31,1,,
Jersey City,2025-12-11,1,,
Jersey City,2025-12-20,1,,
Jim Thorpe,2025-12-07,1,,
Jim Thorpe,2025-12-13,1,,
Jim Thorpe,2025-12-14,1,,
Jim Thorpe,2025-12-21,1,,
Jim Thorpe,2025-12-28,1,,
Joliet,2025-12-07,2,,
Joliet,2025-12-09,1,,
Joliet,2025-12-13,3,,
Joliet,2025-12-14,2,,
Joliet,2025-12-15,1,,
Joliet,2025-12-20,3,,
Joliet,2025-12-21,1,,
Joliet,2025-12-22,1,,
Joliet,2025-12-28,1,,
Kansas City,2025-12-06,1,,
Kansas City,2025-12-07,5,,
Kansas City,2025-12-09,2,,
Kansas City,2025-12-10,1,,
Kansas City,2025-12-11,1,,
Kansas City,2025-12-14,6,,
Kansas City,2025-12-16,1,,
Kansas City,2025-12-20,2,,
Kansas City,2025-12-21,2,,
Kansas City,2025-12-28,1,,
Kansas City ,2025-12-14,1,,
Kingston,2025-01-01,1,,
Kingston,2025-12-21,1,,
Lafayette,2025-01-09,1,,
Lafayette,2025-12-19,1,,
Lake Tahoe,2025-12-07,2,,
Lake Tahoe,2025-12-31,2,,
Lakewood,2025-12-07,3,,
Lakewood,2025-12-09,1,,
Lakewood,2025-12-10,1,,
Lakewood,2025-12-11,1,,
Lakewood,2025-12-12,1,,
Lakewood,2025-12-13,2,,
Lakewood,2025-12-14,2,,
Lakewood,2025-12-16,1,,
Lakewood,2025-12-17,1,,
Lakewood,2025-12-20,2,,
Lakewood,2025-12-21,2,,
Lakewood,2025-12-22,1,,
Lakewood,2025-12-23,1,,
Lakewood,2025-12-24,1,,
Lakewood,2025-12-27,1,,
Lakewood,2025-12-28,3,,
Lakewood,2025-12-30,1,,
Lakewood,2025-12-31,2,,
Lancaster,2025-12-14,1,,
Lancaster,2025-12-15,2,,
Las Vegas,2025-10-08,2,,
Las Vegas,2025-10-09,2,,
Las Vegas,2025-12-07,20,,
Las Vegas,2025-12-08,5,,
Las Vegas,2025-12-09,6,,
Las Vegas,2025-12-10,7,,
Las Vegas,2025-12-11,10,,
Las Vegas,2025-12-12,14,,
Las Vegas,2025-12-13,10,,
Las Vegas,2025-12-14,14,,
Las Vegas,2025-12-15,6,,
Las Vegas,2025-12-16,4,,
Las Vegas,2025-12-17,3,,
Las Vegas,2025-12-18,8,,
Las Vegas,2025-12-19,10,,
Las Vegas,2025-12-20,11,,
Las Vegas,2025-12-21,13,,
Las Vegas,2025-12-22,8,,
Las Vegas,2025-12-23,3,,
Las Vegas,2025-12-24,9,,
Las Vegas,2025-12-25,7,,
Las Vegas,2025-12-26,7,,
Las Vegas,2025-12-27,9,,
Las Vegas,2025-12-28,13,,
Las Vegas,2025-12-29,7,,
Las Vegas,2025-12-30,6,,
Las Vegas,2025-12-31,12,,
Lawrence,2025-12-14,1,,
Lawrenceburg,2025-12-14,1,,
Leesburg,2025-12-07,1,,
Leesburg,2025-12-08,1,,
Leesburg,2025-12-13,1,,
Leesburg,2025-12-14,2,,
Leesburg,2025-12-20,1,,
Leesburg,2025-12-21,1,,
Leesburg,2025-12-22,1,,
Leesburg,2025-12-27,1,,
Leesburg,2025-12-28,2,,
Lemont,2025-12-07,1,,
Lemont,2025-12-20,1,,
Lemont,2025-12-21,1,,
Lemont,2025-12-28,1,,
Lexington,2025-12-07,1,,
Lexington,2025-12-08,1,,
Lexington,2025-12-10,1,,
Lexington,2025-12-11,1,,
Lexington,2025-12-13,2,,
Lexington,2025-12-14,1,,
Libertyville ,2025-12-14,2,,
Libertyville ,2025-12-20,1,,
Libertyville ,2025-12-21,1,,
Libertyville ,2025-12-27,1,,
Libertyville ,2025-12-28,1,,
Lincoln,2025-12-07,2,,
Lincoln,2025-12-11,1,,
Lincoln,2025-12-12,1,,
Lincoln,2025-12-13,3,,
Lincoln,2025-12-14,2,,
Lincoln,2025-12-17,1,,
Lincoln,2025-12-19,2,,
Lincoln,2025-12-21,2,,
Lincoln,2025-12-23,1,,
Lincoln,2025-12-24,1,,
Lincoln,2025-12-28,2,,
Little Rock,2025-12-10,1,,
Little Rock,2025-12-28,1,,
Los Angeles,2025-12-07,14,,
Los Angeles,2025-12-08,12,,
Los Angeles,2025-12-09,7,,
Los Angeles,2025-12-10,8,,
Los Angeles,2025-12-11,10,,
Los Angeles,2025-12-12,13,,
Los Angeles,2025-12-13,18,,
Los Angeles,2025-12-14,22,,
Los Angeles,2025-12-15,9,,
Los Angeles,2025-12-16,3,,
Los Angeles,2025-12-17,5,,
Los Angeles,2025-12-18,8,,
Los Angeles,2025-12-19,7,,
Los Angeles,2025-12-20,13,,
Los Angeles,2025-12-21,11,,
Los Angeles,2025-12-22,2,,
Los Angeles,2025-12-23,3,,
Los Angeles,2025-12-24,3,,
Los Angeles,2025-12-25,3,,
Los Angeles,2025-12-26,1,,
Los Angeles,2025-12-27,2,,
Los Angeles,2025-12-28,4,,
Los Angeles,2025-12-29,2,,
Los Angeles,2025-12-30,2,,
Los Angeles,2025-12-31,1,,
Louisville,2025-12-07,2,,
Louisville,2025-12-08,3,,
Louisville,2025-12-09,1,,
Louisville,2025-12-11,1,,
Louisville,2025-12-12,1,,
Louisville,2025-12-13,1,,
Louisville,2025-12-14,1,,
Louisville,2025-12-15,1,,
Louisville,2025-12-20,2,,
Louisville,2025-12-21,2,,
Madison,2025-12-07,3,,
Madison,2025-12-08,1,,
Madison,2025-12-10,2,,
Madison,2025-12-11,2,,
Madison,2025-12-12,1,,
Madison,2025-12-13,3,,
Madison,2025-12-14,3,,
Madison,2025-12-15,1,,
Madison,2025-12-19,2,,
Madison,2025-12-20,2,,
Madison,2025-12-21,3,,
Madison,2025-12-28,1,,
Madison,2025-12-31,2,,
Malibu,2025-12-13,1,,
Manchester,2025-12-11,1,,
Manchester,2025-12-19,1,,
Maspeth,2025-12-08,1,,
Maspeth,2025-12-11,1,,
Maspeth,2025-12-12,1,,
Maspeth,2025-12-13,1,,
Maspeth,2025-12-14,1,,
Maspeth,2025-12-20,1,,
McDonough,2025-12-07,1,,
Memphis,2025-12-07,1,,
Memphis,2025-12-21,1,,
Memphis,2025-12-28,1,,
Menlo Park,2025-12-07,1,,
Menlo Park,2025-12-13,1,,
Menlo Park,2025-12-18,1,,
Middletown,2025-12-06,1,,
Middletown,2025-12-13,1,,
Milford,2025-12-07,1,,
Milford,2025-12-20,1,,
Milford,2025-12-21,2,,
Milwaukee,2025-12-07,3,,
Milwaukee,2025-12-12,2,,
Milwaukee,2025-12-13,1,,
Milwaukee,2025-12-14,2,,
Milwaukee,2025-12-16,1,,
Milwaukee,2025-12-19,1,,
Milwaukee,2025-12-20,3,,
Milwaukee,2025-12-21,2,,
Milwaukee,2025-12-23,1,,
Milwaukee,2025-12-27,2,,
Milwaukee,2025-12-28,2,,
Milwaukee,2025-12-30,1,,
Milwaukee,2025-12-31,2,,
Mobile,2025-12-07,2,,
Mobile,2025-12-08,2,,
Mobile,2025-12-11,1,,
Mobile,2025-12-12,1,,
Mobile,2025-12-13,1,,
Mobile,2025-12-14,1,,
Mobile,2025-12-18,1,,
Mobile,2025-12-21,1,,
Mobile,2025-12-22,1,,
Mobile,2025-12-27,1,,
Montclair,2025-12-07,2,,
Montclair,2025-12-08,1,,
Montclair,2025-12-12,1,,
Montclair,2025-12-13,1,,
Montclair,2025-12-20,1,,
Monterey,2025-12-13,1,,
Monterey,2025-12-14,1,,
Monterey,2025-12-28,1,,
Montgomery,2025-12-08,1,,
Montgomery,2025-12-14,2,,
Mount Clemens,2025-12-07,1,,
Mount Pleasant,2025-12-14,1,,
Mulvane,2025-12-19,1,,
Myrtle Beach,2025-12-18,1,,
Napa,2025-12-07,4,,
Napa,2025-12-08,1,,
Napa,2025-12-11,1,,
Napa,2025-12-12,1,,
Napa,2025-12-13,2,,
Napa,2025-12-14,4,,
Napa,2025-12-15,1,,
Napa,2025-12-19,1,,
Napa,2025-12-20,4,,
Napa,2025-12-21,2,,
Napa,2025-12-22,1,,
Napa,2025-12-27,2,,
Napa,2025-12-28,3,,
Napa,2025-12-29,1,,
Napa,2025-12-30,2,,
Napa,2025-12-31,2,,
Nashville,2025-12-08,1,,
Nashville,2025-12-12,1,,
Nashville,2025-12-13,1,,
Nashville,2025-12-15,1,,
Nashville,2025-12-19,1,,
Nashville,2025-12-22,1,,
National Harbor,2025-12-10,1,,
National Harbor,2025-12-11,1,,
National Harbor,2025-12-12,1,,
National Harbor,2025-12-13,1,,
National Harbor,2025-12-14,1,,
National Harbor,2025-12-17,1,,
National Harbor,2025-12-18,1,,
National Harbor,2025-12-19,1,,
New Bern,2025-12-14,2,,
New Brunswick,2025-12-10,1,,
New Brunswick,2025-12-12,1,,
New Haven,2025-12-07,2,,
New Haven,2025-12-14,2,,
New Haven,2025-12-19,2,,
New Kent,2025-12-27,1,,
New Kent,2025-12-28,1,,
New Orleans,2025-12-06,2,,
New Orleans,2025-12-07,8,,
New Orleans,2025-12-08,6,,
New Orleans,2025-12-09,5,,
New Orleans,2025-12-10,4,,
New Orleans,2025-12-11,4,,
New Orleans,2025-12-12,4,,
New Orleans,2025-12-13,7,,
New Orleans,2025-12-14,9,,
New Orleans,2025-12-15,5,,
New Orleans,2025-12-16,3,,
New Orleans,2025-12-17,5,,
New Orleans,2025-12-18,5,,
New Orleans,2025-12-19,5,,
New Orleans,2025-12-20,8,,
New Orleans,2025-12-21,10,,
New Orleans,2025-12-22,4,,
New Orleans,2025-12-23,2,,
New Orleans,2025-12-24,5,,
New Orleans,2025-12-27,6,,
New Orleans,2025-12-28,7,,
New Orleans,2025-12-29,4,,
New Orleans,2025-12-30,2,,
New Orleans,2025-12-31,5,,
New Philadelphia,2025-12-17,1,,
New Philadelphia,2025-12-18,1,,
New York,2025-12-06,6,,
New York,2025-12-07,27,,
New York,2025-12-08,18,,
New York,2025-12-09,16,,
New York,2025-12-10,16,,
New York,2025-12-11,17,,
New York,2025-12-12,18,,
New York,2025-12-13,24,,
New York,2025-12-14,26,,
New York,2025-12-15,17,,
New York,2025-12-16,15,,
New York,2025-12-17,18,,
New York,2025-12-18,15,,
New York,2025-12-19,16,,
New York,2025-12-20,23,,
New York,2025-12-21,19,,
New York,2025-12-22,13,,
New York,2025-12-23,10,,
New York,2025-12-24,11,,
New York,2025-12-25,9,,
New York,2025-12-26,9,,
New York,2025-12-27,11,,
New York,2025-12-28,17,,
New York,2025-12-29,12,,
New York,2025-12-30,11,,
New York,2025-12-31,12,,
Newport,2025-12-06,1,,
Newport,2025-12-11,2,,
Newport,2025-12-12,3,,
Newport,2025-12-13,3,,
Newport,2025-12-14,1,,
Newport,2025-12-15,1,,
Newport,2025-12-18,1,,
Newport,2025-12-19,2,,
Newport,2025-12-20,3,,
Newport,2025-12-21,3,,
Newport,2025-12-22,1,,
Newport,2025-12-26,1,,
Newport,2025-12-28,2,,
Newport News,2025-12-12,1,,
Niagara Falls,2025-12-12,1,,
Niagara Falls,2025-12-13,1,,
Niagara Falls,2025-12-14,1,,
Norfolk,2025-12-07,1,,
Norfolk,2025-12-14,1,,
Norfolk,2025-12-15,1,,
Norfolk,2025-12-20,1,,
Norfolk,2025-12-21,1,,
Norman,2025-12-28,1,,
North Little Rock,2025-12-10,1,,
North Myrtle Beach,2025-12-12,1,,
North Myrtle Beach,2025-12-15,1,,
North Myrtle Beach,2025-12-20,1,,
North Myrtle Beach,2025-12-21,1,,
North Myrtle Beach,2025-12-27,1,,
North Myrtle Beach,2025-12-28,1,,
North Myrtle Beach,2025-12-29,1,,
Northfield,2025-12-07,1,,
Northfield,2025-12-08,1,,
Northfield,2025-12-11,1,,
Northfield,2025-12-14,1,,
Northridge,2025-12-07,1,,
Oakland,2025-12-07,4,,
Oakland,2025-12-08,1,,
Oakland,2025-12-09,1,,
Oakland,2025-12-10,1,,
Oakland,2025-12-12,2,,
Oakland,2025-12-13,2,,
Oakland,2025-12-14,2,,
Oakland,2025-12-15,1,,
Oakland,2025-12-20,1,,
Oakland,2025-12-27,1,,
Oakland,2025-12-28,1,,
Oakland,2025-12-30,1,,
Oakland,2025-12-31,3,,
Oklahoma City,2025-12-07,2,,
Oklahoma City,2025-12-08,4,,
Oklahoma City,2025-12-11,2,,
Oklahoma City,2025-12-12,1,,
Oklahoma City,2025-12-14,1,,
Oklahoma City,2025-12-20,1,,
Omaha,2025-12-11,2,,
Omaha,2025-12-13,2,,
Omaha,2025-12-14,2,,
Omaha,2025-12-15,1,,
Omaha,2025-12-19,1,,
Omaha,2025-12-20,1,,
Omaha,2025-12-21,1,,
Ontario,2025-12-11,1,,
Orlando,2025-12-06,2,,
Orlando,2025-12-07,3,,
Orlando,2025-12-08,4,,
Orlando,2025-12-09,2,,
Orlando,2025-12-10,3,,
Orlando,2025-12-11,4,,
Orlando,2025-12-12,4,,
Orlando,2025-12-13,3,,
Orlando,2025-12-14,4,,
Orlando,2025-12-15,2,,
Orlando,2025-12-16,2,,
Orlando,2025-12-17,5,,
Orlando,2025-12-18,3,,
Orlando,2025-12-19,1,,
Orlando,2025-12-20,2,,
Orlando,2025-12-21,4,,
Orlando,2025-12-22,2,,
Orlando,2025-12-23,2,,
Orlando,2025-12-24,2,,
Orlando,2025-12-27,2,,
Orlando,2025-12-28,1,,
Orlando,2025-12-29,2,,
Orlando,2025-12-30,1,,
Orlando,2025-12-31,2,,
Ormond Bch,2025-12-11,1,,
Ormond Beach,2025-12-17,2,,
Oxford,2025-12-08,1,,
Oxford,2025-12-09,1,,
Oxford,2025-12-14,1,,
Oxford,2025-12-15,1,,
Oxford,2025-12-17,1,,
Oxnard,2025-12-07,2,,
Oxnard,2025-12-08,1,,
Oxnard,2025-12-09,1,,
Oxnard,2025-12-12,1,,
Oxnard,2025-12-13,2,,
Oxnard,2025-12-14,2,,
Oxnard,2025-12-15,1,,
Oxnard,2025-12-16,1,,
Oxnard,2025-12-19,1,,
Oxnard,2025-12-20,3,,
Oxnard,2025-12-21,2,,
Oxnard,2025-12-22,1,,
Oxnard,2025-12-24,1,,
Oxnard,2025-12-27,1,,
Oxnard,2025-12-28,1,,
Oxnard,2025-12-29,1,,
Oxnard,2025-12-30,1,,
Palatine,2025-12-13,1,,
Palatine,2025-12-14,1,,
Palatine,2025-12-20,2,,
Palatine,2025-12-21,1,,
Palatine,2025-12-27,1,,
Palatine,2025-12-28,1,,
Palmdale,2025-12-08,1,,
Palmdale,2025-12-09,1,,
Palmdale,2025-12-12,1,,
Palmdale,2025-12-13,1,,
Palmdale,2025-12-14,2,,
Palmdale,2025-12-19,1,,
Palmdale,2025-12-20,1,,
Palmdale,2025-12-27,1,,
Palmdale,2025-12-28,1,,
Park City,2025-12-20,1,,
Park City,2025-12-21,1,,
Park City,2025-12-27,1,,
Park City,2025-12-31,1,,
Pawling,2025-12-06,1,,
Pawling,2025-12-07,2,,
Pawling,2025-12-08,1,,
Pawling,2025-12-11,1,,
Pawling,2025-12-12,1,,
Pawling,2025-12-13,2,,
Pawling,2025-12-14,2,,
Pawling,2025-12-15,1,,
Pawling,2025-12-27,1,,
Pawling,2025-12-28,2,,
Pawling,2025-12-29,1,,
Pawling,2025-12-31,1,,
Pensacola,2025-12-13,1,,
Pensacola,2025-12-20,1,,
Pensacola,2025-12-21,2,,
Pensacola,2025-12-28,1,,
Pinellas Park,2025-12-12,1,,
Pioneertown,2025-12-07,1,,
Pioneertown,2025-12-10,1,,
Pioneertown,2025-12-11,2,,
Pioneertown,2025-12-19,1,,
Pioneertown,2025-12-20,1,,
Pioneertown,2025-12-21,1,,
Pioneertown,2025-12-28,1,,
Plymouth,2025-12-11,2,,
Pomona,2025-12-12,1,,
Pomona,2025-12-13,1,,
Pomona,2025-12-21,1,,
Ponte Vedra Beach,2025-12-14,1,,
Pontiac,2025-12-14,2,,
Pontiac,2025-12-20,2,,
Pontiac,2025-12-21,2,,
Pontiac,2025-12-26,1,,
Pontiac,2025-12-27,1,,
Port Chester,2025-12-06,1,,
Port Chester,2025-12-07,1,,
Port Chester,2025-12-13,1,,
Port Chester,2025-12-14,1,,
Port Chester,2025-12-18,1,,
Port Chester,2025-12-20,2,,
Port Chester,2025-12-21,1,,
Port Chester,2025-12-24,1,,
Port Chester,2025-12-27,2,,
Port Chester,2025-12-30,1,,
Primm,2025-12-07,1,,
Primm,2025-12-21,1,,
Primm,2025-12-28,1,,
Queens,2025-12-07,1,,
Raleigh,2025-12-07,1,,
Raleigh,2025-12-10,2,,
Raleigh,2025-12-11,1,,
Raleigh,2025-12-12,2,,
Raleigh,2025-12-13,1,,
Raleigh,2025-12-14,1,,
Raleigh,2025-12-17,1,,
Raleigh,2025-12-31,1,,
Red Bank,2025-12-06,1,,
Red Bank,2025-12-07,1,,
Red Bank,2025-12-08,1,,
Red Bank,2025-12-12,1,,
Red Bank,2025-12-13,1,,
Red Bank,2025-12-14,3,,
Red Bank,2025-12-17,2,,
Red Bank,2025-12-18,1,,
Red Bank,2025-12-19,1,,
Red Bank,2025-12-20,3,,
Red Bank,2025-12-21,4,,
Red Bank,2025-12-22,1,,
Red Bank,2025-12-24,1,,
Red Bank,2025-12-29,1,,
Richmond,2025-12-08,1,,
Richmond,2025-12-12,1,,
Richmond,2025-12-14,1,,
Richmond,2025-12-15,1,,
Richmond,2025-12-18,1,,
Richmond,2025-12-20,3,,
Richmond,2025-12-21,1,,
Richmond,2025-12-27,1,,
Riverside,2025-12-11,1,,
Riverside,2025-12-13,1,,
Riverside,2025-12-14,1,,
Riverside,2025-12-21,1,,
Riverside,2025-12-22,1,,
Riverside,2025-12-28,1,,
Riverside,2025-12-29,1,,
Rochester,2025-12-06,1,,
Rochester,2025-12-07,4,,
Rochester,2025-12-10,1,,
Rochester,2025-12-11,1,,
Rochester,2025-12-12,1,,
Rochester,2025-12-13,3,,
Rochester,2025-12-14,3,,
Rochester,2025-12-19,1,,
Rochester,2025-12-20,1,,
Rochester,2025-12-21,1,,
Rochester,2025-12-27,1,,
Rockford,2025-12-13,1,,
Rockford,2025-12-19,1,,
Rockford,2025-12-27,1,,
Rohnert Park,2025-12-20,1,,
Rosemont,2025-12-09,1,,
Rosemont,2025-12-12,1,,
Rosemont,2025-12-13,3,,
Rosemont,2025-12-14,1,,
Rosemont,2025-12-20,1,,
Rosemont,2025-12-21,1,,
Rosemont,2025-12-26,1,,
Rosemont,2025-12-27,2,,
Rosemont,2025-12-28,1,,
Roseville,2025-12-08,1,,
Roseville,2025-12-10,1,,
Roseville,2025-12-14,1,,
Roseville,2025-12-21,1,,
Royal Oak,2025-12-10,1,,
Royal Oak,2025-12-15,1,,
Royal Oak,2025-12-16,1,,
Rutherford,2025-12-07,1,,
Rutherford,2025-12-10,1,,
Rutherford,2025-12-12,1,,
Rutherford,2025-12-18,1,,
Rutherford,2025-12-19,1,,
Rutherford,2025-12-20,1,,
Rutherford,2025-12-27,2,,
Sacramento,2025-06-27,1,,
Sacramento,2025-12-07,1,,
Sacramento,2025-12-09,1,,
Sacramento,2025-12-12,1,,
Sacramento,2025-12-13,1,,
Sacramento,2025-12-14,2,,
Sacramento,2025-12-15,1,,
Sacramento,2025-12-19,1,,
Sacramento,2025-12-21,2,,
Sacramento,2025-12-23,1,,
Sacramento,2025-12-28,1,,
Saginaw,2025-12-07,1,,
Saginaw,2025-12-10,1,,
Saginaw,2025-12-13,1,,
Saint Augustine,2025-12-11,1,,
Saint Augustine,2025-12-13,1,,
Saint Augustine,2025-12-14,1,,
Saint Augustine,2025-12-15,1,,
Saint Augustine,2025-12-21,1,,
Saint Charles,2025-12-11,1,,
Saint Charles,2025-12-18,1,,
Saint Charles,2025-12-21,1,,
Saint Petersburg,2025-12-21,1,,
Salamanca,2025-12-07,1,,
San Francisco,2025-12-07,9,,
San Francisco,2025-12-08,6,,
San Francisco,2025-12-09,1,,
San Francisco,2025-12-10,5,,
San Francisco,2025-12-11,6,,
San Francisco,2025-12-12,4,,
San Francisco,2025-12-13,8,,
San Francisco,2025-12-14,9,,
San Francisco,2025-12-15,4,,
San Francisco,2025-12-17,3,,
San Francisco,2025-12-18,4,,
San Francisco,2025-12-19,4,,
San Francisco,2025-12-20,13,,
San Francisco,2025-12-21,8,,
San Francisco,2025-12-22,4,,
San Francisco,2025-12-23,1,,
San Francisco,2025-12-24,1,,
San Francisco,2025-12-27,3,,
San Francisco,2025-12-28,4,,
San Francisco,2025-12-29,1,,
San Francisco,2025-12-30,1,,
San Francisco,2025-12-31,3,,
San Jose,2025-12-07,3,,
San Jose,2025-12-08,1,,
San Jose,2025-12-13,1,,
San Jose,2025-12-14,2,,
San Jose,2025-12-15,1,,
San Jose,2025-12-20,1,,
San Jose,2025-12-21,2,,
San Jose,2025-12-22,1,,
San Jose,2025-12-28,1,,
San Leandro,2025-12-15,1,,
Sanford,2025-12-07,2,,
Sanford,2025-12-13,1,,
Sanford,2025-12-14,2,,
Sanford,2025-12-15,1,,
Sanford,2025-12-20,3,,
Sanford,2025-12-27,1,,
Santa Ana,2025-12-07,1,,
Santa Cruz,2025-12-07,2,,
Santa Cruz,2025-12-08,1,,
Santa Cruz,2025-12-11,1,,
Santa Cruz,2025-12-12,1,,
Santa Cruz,2025-12-13,1,,
Santa Cruz,2025-12-14,2,,
Santa Cruz,2025-12-15,1,,
Santa Cruz,2025-12-18,1,,
Santa Cruz,2025-12-19,1,,
Santa Cruz,2025-12-20,1,,
Santa Cruz,2025-12-21,1,,
Santa Cruz,2025-12-28,1,,
Santa Cruz,2025-12-29,1,,
Santa Cruz,2025-12-31,1,,
Savannah,2025-12-08,1,,
Savannah,2025-12-09,1,,
Sayreville,2025-12-13,1,,
Sayreville,2025-12-14,1,,
Sayreville,2025-12-21,1,,
Schenectady,2025-12-18,1,,
Schenectady,2025-12-29,2,,
Scranton,2025-12-08,1,,
Scranton,2025-12-10,1,,
Shipshewana,2025-12-11,1,,
Shipshewana,2025-12-12,1,,
Shipshewana,2025-12-13,1,,
Shipshewana,2025-12-14,1,,
Shipshewana,2025-12-20,1,,
Silver Spring,2025-12-07,1,,
Silver Spring,2025-12-08,1,,
Silver Spring,2025-12-09,1,,
Silver Spring,2025-12-12,1,,
Silver Spring,2025-12-17,1,,
Silver Spring,2025-12-20,1,,
Silver Spring,2025-12-21,1,,
South Barrington,2025-12-13,2,,
South Bend,2025-12-14,2,,
South Bend,2025-12-18,1,,
South Burlington,2025-12-08,1,,
South Burlington,2025-12-18,1,,
Southfield,2025-12-14,1,,
Springfield,2025-12-07,1,,
Springfield,2025-12-10,1,,
Springfield,2025-12-13,1,,
Springfield,2025-12-22,1,,
St Petersburg,2025-12-10,1,,
St Petersburg,2025-12-11,1,,
St Petersburg,2025-12-13,1,,
St Petersburg,2025-12-15,1,,
St. Augustine,2025-12-11,1,,
St. Petersburg,2025-12-09,1,,
Stamford,2025-12-06,1,,
Stamford,2025-12-07,1,,
Stamford,2025-12-08,1,,
Stamford,2025-12-20,1,,
Stamford,2025-12-21,1,,
Stateline,2025-12-12,1,,
Stateline,2025-12-28,1,,
Staten Island,2025-12-07,1,,
Staten Island,2025-12-20,1,,
Staten Island,2025-12-21,1,,
Stockton,2025-12-13,1,,
Stockton,2025-12-18,1,,
Stone Park,2025-12-20,1,,
Stone Park,2025-12-27,1,,
Stoughton,2025-12-14,1,,
Sumterville,2025-12-15,1,,
Syracuse,2025-04-12,1,,
Syracuse,2025-12-07,5,,
Syracuse,2025-12-08,2,,
Syracuse,2025-12-09,1,,
Syracuse,2025-12-11,1,,
Syracuse,2025-12-12,2,,
Syracuse,2025-12-13,2,,
Syracuse,2025-12-14,5,,
Syracuse,2025-12-15,1,,
Syracuse,2025-12-16,1,,
Syracuse,2025-12-19,1,,
Syracuse,2025-12-20,3,,
Syracuse,2025-12-21,3,,
Syracuse,2025-12-22,1,,
Syracuse,2025-12-23,2,,
Syracuse,2025-12-27,3,,
Syracuse,2025-12-28,5,,
Syracuse,2025-12-29,1,,
Syracuse,2025-12-30,1,,
Tampa,2025-12-07,1,,
Tampa,2025-12-08,2,,
Tampa,2025-12-12,1,,
Tampa,2025-12-13,1,,
Tampa,2025-12-14,4,,
Tampa,2025-12-15,1,,
Tampa,2025-12-18,1,,
Tampa,2025-12-19,2,,
Tampa,2025-12-20,3,,
Tampa,2025-12-28,1,,
Tarrytown,2025-12-20,1,,
Thackerville,2025-12-14,1,,
Thackerville,2025-12-27,1,,
Thackerville,2025-12-28,1,,
Thousand Oaks,2025-12-12,1,,
Thousand Oaks,2025-12-31,1,,
Topeka,2025-12-28,1,,
Tulsa,2025-12-08,1,,
Tulsa,2025-12-11,1,,
Tulsa,2025-12-12,1,,
Tulsa,2025-12-21,1,,
Tuscaloosa,2025-12-13,1,,
Tuscaloosa,2025-12-14,1,,
Tysons,2025-12-09,1,,
Tysons,2025-12-13,1,,
Tysons,2025-12-14,1,,
Tysons,2025-12-17,1,,
Tysons,2025-12-18,1,,
Tysons,2025-12-22,1,,
Ventura,2025-12-13,2,,
Ventura,2025-12-14,1,,
Ventura,2025-12-20,1,,
Verona,2025-12-21,2,,
Virginia Beach,2025-12-07,1,,
Virginia Beach,2025-12-09,1,,
Virginia Beach,2025-12-11,1,,
Virginia Beach,2025-12-13,2,,
Virginia Beach,2025-12-14,3,,
Virginia Beach,2025-12-19,3,,
Virginia Beach,2025-12-20,1,,
Virginia Beach,2025-12-21,1,,
Virginia Beach,2025-12-27,2,,
Virginia Beach,2025-12-28,2,,
Wantagh,2025-12-11,1,,
Wantagh,2025-12-12,1,,
Wantagh,2025-12-14,1,,
Wantagh,2025-12-17,1,,
Wantagh,2025-12-20,1,,
Wantagh,2025-12-21,1,,
Wantagh,2025-12-24,1,,
Wantagh,2025-12-28,1,,
Warren,2025-12-07,2,,
Washington,2025-12-06,1,,
Washington,2025-12-07,6,,
Washington,2025-12-08,2,,
Washington,2025-12-09,1,,
Washington,2025-12-10,5,,
Washington,2025-12-11,2,,
Washington,2025-12-12,4,,
Washington,2025-12-13,6,,
Washington,2025-12-14,6,,
Washington,2025-12-15,4,,
Washington,2025-12-16,1,,
Washington,2025-12-17,3,,
Washington,2025-12-18,1,,
Washington,2025-12-19,4,,
Washington,2025-12-20,8,,
Washington,2025-12-21,6,,
Washington,2025-12-22,3,,
Washington,2025-12-23,2,,
Washington,2025-12-24,2,,
Washington,2025-12-27,3,,
Washington,2025-12-28,5,,
Washington,2025-12-29,1,,
Washington,2025-12-30,2,,
Washington,2025-12-31,3,,
Waterloo,2025-12-07,1,,
Waterloo,2025-12-13,1,,
Waterloo,2025-12-21,1,,
Waukegan,2025-12-07,1,,
Waukegan,2025-12-11,1,,
Waukegan,2025-12-12,1,,
Waukegan,2025-12-13,1,,
Waukegan,2025-12-14,1,,
Waukegan,2025-12-21,1,,
Waukegan,2025-12-27,1,,
West Chester,2025-12-07,1,,
West Chester,2025-12-13,1,,
West Chester,2025-12-14,1,,
West Hollywood,2025-12-07,2,,
West Hollywood,2025-12-08,2,,
West Hollywood,2025-12-09,2,,
West Hollywood,2025-12-10,1,,
West Hollywood,2025-12-11,2,,
West Hollywood,2025-12-12,2,,
West Hollywood,2025-12-13,2,,
West Hollywood,2025-12-14,2,,
West Hollywood,2025-12-17,1,,
West Hollywood,2025-12-18,1,,
West Hollywood,2025-12-19,3,,
West Hollywood,2025-12-20,3,,
West Hollywood,2025-12-21,3,,
West Hollywood,2025-12-22,2,,
West Hollywood,2025-12-27,1,,
West Hollywood,2025-12-28,1,,
West Hollywood,2025-12-29,1,,
West Hollywood,2025-12-30,1,,
West Hollywood,2025-12-31,1,,
West Lafayette,2025-12-06,2,,
West Lafayette,2025-12-07,1,,
West Lafayette,2025-12-12,1,,
West Nyack,2025-12-27,3,,
West Nyack,2025-12-28,2,,
Westland,2025-12-07,1,,
Westland,2025-12-12,1,,
Westland,2025-12-14,1,,
Westland,2025-12-20,1,,
Westland,2025-12-22,1,,
Westland,2025-12-27,1,,
Westland,2025-12-28,1,,
Wheatland,2025-12-12,1,,
Wheatland,2025-12-20,1,,
Wheatland,2025-12-28,1,,
White Plains,2025-12-21,1,,
Wichita,2025-12-13,1,,
Wilkes Barre,2025-12-12,1,,
Wilkes Barre,2025-12-28,1,,
Wilkes Barre,2025-12-29,1,,
Williamsport,2025-12-14,1,,
Wilmington,2025-12-13,1,,
Winston Salem,2025-12-19,1,,
Winter Park,2025-12-08,1,,
Winter Park,2025-12-10,1,,
Winter Park,2025-12-11,2,,
Winter Park,2025-12-12,1,,
Winter Park,2025-12-13,1,,
Winter Park,2025-12-14,1,,
Winter Park,2025-12-15,1,,
Winter Park,2025-12-17,1,,
Winter Park,2025-12-18,1,,
Winter Park,2025-12-19,1,,
Winter Park,2025-12-20,1,,
Winter Park,2025-12-21,1,,
Winter Park,2025-12-22,1,,
Winter Park,2025-12-24,1,,
Winter Park,2025-12-27,1,,
Winter Park,2025-12-28,1,,
Worcester,2025-12-06,1,,
Worcester,2025-12-08,1,,
Worcester,2025-12-20,1,,
Worcester,2025-12-21,1,,
Worcester,2025-12-22,1,,
Worcester,2025-12-28,1,,
Worcester,2025-12-30,1,,
Wyandotte,2025-12-13,1,,
Wyandotte,2025-12-20,1,,
